dato;Globale aksjer;Risikofri rente;High Yield; Norske aksjer ; Emerging markets aksjer ; sykepleierlønn ;Gullprisen;BigMac;Oljepris Brent; KPI ;M2 Oslo;;;;
01.01.1994;100,00;100,47;100,00;111,80;101,42;220000;271.42;26;26.59;1,4;7500;;;;
01.02.1994;100,00;100,86;102,16;111,77;98,46;220000;271.42;26;26.59;1,4;7500;;;;
01.03.1994;100,00;101,32;101,45;104,57;87,85;220000;271.42;26;26.59;1,4;7500;;;;
01.04.1994;100,00;101,77;98,17;103,44;85,20;220000;271.42;26;26.59;1,4;7500;;;;
01.05.1994;100,00;102,24;98,17;104,00;87,42;220000;271.42;26;26.59;1,4;7500;;;;
01.06.1994;100,00;102,67;96,74;98,39;82,78;220000;271.42;26;26.59;1,4;7500;;;;
01.07.1994;100,00;103,10;97,18;105,94;87,72;220000;271.42;26;26.59;1,4;7500;;;;
01.08.1994;100,00;103,59;97,77;105,16;98,51;220000;271.42;26;26.59;1,4;7500;;;;
01.09.1994;100,00;104,08;98,54;96,82;97,71;220000;271.42;26;26.59;1,4;7500;;;;
01.10.1994;100,00;104,58;98,52;98,68;92,66;220000;271.42;26;26.59;1,4;7500;;;;
01.11.1994;100,00;105,14;98,78;101,81;91,53;220000;271.42;26;26.59;1,4;7500;;;;
01.12.1994;100,00;105,68;97,93;107,13;83,36;220000;271.42;26;26.59;1,4;7500;;;;
01.01.1995;100,00;106,19;98,94;106,50;73,19;220000;271.42;26,5;26.59;1,4;8200;;;;
01.02.1995;101,73;106,60;100,36;103,87;69,56;220000;271.42;26,5;26.59;2,5;8200;;;;
01.03.1995;103,47;107,07;103,57;99,01;66,21;220000;271.42;26,5;26.59;2,5;8200;;;;
01.04.1995;105,20;107,51;104,97;107,61;70,20;220000;271.42;26,5;26.59;2,5;8200;;;;
01.05.1995;107,62;108,11;107,63;110,45;74,58;220000;271.42;26,5;26.59;2,5;8200;;;;
01.06.1995;110,03;108,64;111,01;114,32;73,47;220000;271.42;26,5;26.59;2,5;8200;;;;
01.07.1995;112,45;109,14;111,76;116,93;74,56;220000;271.42;26,5;26.59;2,5;8200;;;;
01.08.1995;111,07;109,62;113,21;117,60;76,36;220000;271.42;26,5;26.59;2,5;8200;;;;
01.09.1995;109,68;110,10;113,81;120,17;74,08;220000;271.42;26,5;26.59;2,5;8200;;;;
01.10.1995;108,30;110,62;115,13;115,03;70,94;220000;271.42;26,5;26.59;2,5;8200;;;;
01.11.1995;106,92;111,10;116,10;117,52;71,22;220000;271.42;26,5;26.59;2,5;8200;;;;
01.12.1995;105,53;111,68;117,25;108,81;73,81;220000;271.42;26,5;26.59;2,5;8200;;;;
01.01.1996;100,00;112,31;119,16;110,15;81,49;222666;271.42;27;26.59;1,3;9100;;;;
01.02.1996;105,71;112,80;121,21;111,47;78,79;228000;271.42;27;26.59;1,3;9100;;;;
01.03.1996;104,25;113,25;121,58;112,49;79,58;228000;271.42;27;26.59;1,3;9100;;;;
01.04.1996;105,80;113,75;121,02;122,11;84,95;228000;271.42;27;26.59;1,3;9100;;;;
01.05.1996;112,06;114,22;121,25;123,17;83,92;228000;271.42;27;26.59;1,3;9100;;;;
01.06.1996;111,35;114,66;122,13;124,48;83,99;228000;271.42;27;26.59;1,3;9100;;;;
01.07.1996;111,32;115,16;122,61;119,75;76,70;228000;271.42;27;26.59;1,3;9100;;;;
01.08.1996;104,51;115,63;123,42;122,92;79,14;228000;271.42;27;26.59;1,3;9100;;;;
01.09.1996;106,88;116,12;124,92;125,55;81,01;228000;271.42;27;26.59;1,3;9100;;;;
01.10.1996;111,52;116,61;127,86;128,78;77,31;228000;271.42;27;26.59;1,3;9100;;;;
01.11.1996;109,62;117,01;128,97;137,80;79,10;228000;271.42;27;26.59;1,3;9100;;;;
01.12.1996;115,37;117,44;131,53;144,10;79,09;228000;271.42;27;26.59;1,3;9100;;;;
01.01.1997;114,38;117,80;132,65;156,53;85,81;231000;271.42;28;26.59;2,6;10800;;;;
01.02.1997;120,04;118,13;133,65;154,92;92,98;237000;271.42;28;26.59;2,6;10800;;;;
01.03.1997;126,74;118,48;135,70;157,20;88,64;237000;271.42;28;26.59;2,6;10800;;;;
01.04.1997;122,12;118,81;133,84;161,21;95,84;237000;271.42;28;26.59;2,6;10800;;;;
01.05.1997;134,13;119,15;135,55;171,87;98,48;237000;271.42;28;26.59;2,6;10800;;;;
01.06.1997;141,16;119,50;138,38;178,04;106,77;237000;271.42;28;26.59;2,6;10800;;;;
01.07.1997;152,03;119,89;140,55;192,24;112,81;237000;271.42;28;26.59;2,6;10800;;;;
01.08.1997;164,19;120,25;144,27;190,73;96,30;237000;271.42;28;26.59;2,6;10800;;;;
01.09.1997;148,47;120,64;144,03;199,74;94,15;237000;271.42;28;26.59;2,6;10800;;;;
01.10.1997;148,50;121,03;146,69;197,05;77,70;237000;271.42;28;26.59;2,6;10800;;;;
01.11.1997;135,35;121,38;147,44;189,10;76,91;237000;271.42;28;26.59;2,6;10800;;;;
01.12.1997;138,37;121,78;148,75;190,50;80,74;237000;271.42;28;26.59;2,6;10800;;;;
01.01.1998;143,79;122,16;150,25;185,78;76,48;240000;271.42;29;26.59;2,3;12800;;;;
01.02.1998;147,33;122,51;152,51;190,41;84,36;246000;271.42;29;26.59;2,3;12800;;;;
01.03.1998;157,38;122,94;153,15;206,95;88,67;246000;271.42;29;26.59;2,3;12800;;;;
01.04.1998;165,70;123,35;154,76;212,32;85,79;246000;271.42;29;26.59;2,3;12800;;;;
01.05.1998;163,56;123,76;155,44;198,24;74,77;246000;271.42;29;26.59;2,3;12800;;;;
01.06.1998;156,71;124,27;156,25;194,66;68,18;246000;271.42;29;26.59;2,3;12800;;;;
01.07.1998;157,77;124,83;157,11;192,32;69,21;246000;271.42;29;26.59;2,3;12800;;;;
01.08.1998;156,38;125,53;158,12;143,97;51,21;246000;271.42;29;26.59;2,3;12800;;;;
01.09.1998;132,89;126,41;150,04;129,80;51,29;246000;271.42;29;26.59;2,3;12800;;;;
01.10.1998;128,15;127,27;150,24;148,00;56,47;246000;271.42;29;26.59;2,3;12800;;;;
01.11.1998;140,84;128,18;147,04;141,74;61,93;246000;271.42;29;26.59;2,3;12800;;;;
01.12.1998;150,02;129,15;154,88;139,10;62,29;246000;271.42;29;26.59;2,3;12800;;;;
01.01.1999;156,85;130,04;154,60;151,34;60,60;249333;271.42;30;26.59;2,4;16000;;;;
01.02.1999;158,45;130,85;156,77;144,07;64,30;256000;271.42;30;26.59;2,4;16000;;;;
01.03.1999;162,36;131,75;155,77;155,76;71,05;256000;271.42;30;26.59;2,4;16000;;;;
01.04.1999;169,56;132,57;157,72;168,53;80,44;256000;271.42;30;26.59;2,4;16000;;;;
01.05.1999;181,74;133,38;160,62;168,14;81,15;256000;271.42;30;26.59;2,4;16000;;;;
01.06.1999;179,39;134,15;159,08;168,18;90,03;256000;271.42;30;26.59;2,4;16000;;;;
01.07.1999;189,12;134,87;158,72;173,05;86,64;256000;271.42;30;26.59;2,4;16000;;;;
01.08.1999;186,12;135,65;158,86;177,30;88,10;256000;271.42;30;26.59;2,4;16000;;;;
01.09.1999;188,38;136,35;157,31;175,09;84,09;256000;271.42;30;26.59;2,4;16000;;;;
01.10.1999;183,66;136,99;156,66;172,49;86,90;256000;271.42;30;26.59;2,4;16000;;;;
01.11.1999;192,27;137,69;155,83;184,96;97,31;256000;271.42;30;26.59;2,4;16000;;;;
01.12.1999;206,56;138,38;158,01;206,49;109,35;256000;271.42;30;26.59;2,4;16000;;;;
01.01.2000;225,68;139,06;159,01;200,74;113,18;259666;271.42;32;26.59;3,1;19500;;;;
01.02.2000;222,20;139,72;158,45;206,07;116,33;267000;271.42;32;26.59;3,1;19500;;;;
01.03.2000;227,32;140,42;158,88;204,92;117,60;267000;271.42;32;26.59;3,1;19500;;;;
01.04.2000;239,39;141,07;156,67;198,10;112,86;267000;271.42;32;26.59;3,1;19500;;;;
01.05.2000;239,15;141,87;156,58;207,43;108,37;267000;271.42;32;26.59;3,1;19500;;;;
01.06.2000;234,16;142,63;154,53;213,58;107,01;267000;271.42;32;26.59;3,1;19500;;;;
01.07.2000;232,51;143,42;157,36;219,56;105,18;267000;271.42;32;26.59;3,1;19500;;;;
01.08.2000;233,44;144,26;158,06;240,02;108,29;267000;271.42;32;26.59;3,1;19500;;;;
01.09.2000;246,43;145,07;159,61;232,80;98,88;267000;271.42;32;26.59;3,1;19500;;;;
01.10.2000;232,05;146,00;158,02;231,69;93,95;267000;271.42;32;26.59;3,1;19500;;;;
01.11.2000;230,33;146,88;152,94;212,81;85,48;267000;271.42;32;26.59;3,1;19500;;;;
01.12.2000;213,54;147,78;146,84;213,05;83,26;267000;271.42;32;26.59;3,1;19500;;;;
01.01.2001;207,68;148,77;150,34;218,91;94,93;287 000;271.42;33;26.59;3;20500;;;;
01.02.2001;218,17;149,60;160,08;218,53;88,54;287 000;272.00;33;25.16;3;20500;;;;
01.03.2001;204,09;150,50;162,37;200,36;81,27;287 000;272.58;33;25.17;3;20500;;;;
01.04.2001;191,82;151,48;158,73;213,01;85,31;287 000;273.15;33;27.21;3;20500;;;;
01.05.2001;204,75;152,42;156,49;219,11;88,70;287 000;273.73;33;28.55;3;20500;;;;
01.06.2001;209,43;153,31;159,16;208,97;86,56;287 000;274.31;33;26.21;3;20500;;;;
01.07.2001;202,55;154,29;154,39;203,71;79,34;287 000;274.88;33;24.35;3;20500;;;;
01.08.2001;193,31;155,23;156,58;190,85;76,21;287 000;275.46;33;24.36;3;20500;;;;
01.09.2001;180,96;156,08;157,60;159,09;64,42;287 000;276.04;33;21.87;3;20500;;;;
01.10.2001;160,47;157,10;146,21;162,43;68,51;287 000;276.62;33;19.63;3;20500;;;;
01.11.2001;165,52;158,02;151,29;172,81;76,10;287 000;277.20;33;18.92;3;20500;;;;
01.12.2001;178,30;158,96;156,77;181,25;82,47;287 000;277.77;33;19.35;3;20500;;;;
01.01.2002;184,04;159,85;155,65;176,40;86,53;294 500;278.35;34;19.36;1,3;20000;;;;
01.02.2002;184,00;160,66;156,36;179,07;86,06;294 500;283.67;34;20.73;1,3;20000;;;;
01.03.2002;180,47;161,51;153,82;192,77;90,41;294 500;288.99;34;25.34;1,3;20000;;;;
01.04.2002;188,36;162,47;157,59;182,93;86,60;294 500;294.31;34;26.98;1,3;20000;;;;
01.05.2002;175,63;163,39;160,23;176,99;81,21;294 500;299.63;34;23.87;1,3;20000;;;;
01.06.2002;167,42;164,25;158,95;158,06;70,33;294 500;304.95;34;25.33;1,3;20000;;;;
01.07.2002;147,28;165,31;146,82;146,28;65,95;294 500;310.27;34;26.28;1,3;20000;;;;
01.08.2002;137,18;166,28;141,07;139,82;66,20;294 500;315.60;34;27.56;1,3;20000;;;;
01.09.2002;136,06;167,29;144,41;116,98;58,10;294 500;320.92;34;27.57;1,3;20000;;;;
01.10.2002;118,88;168,30;142,06;125,44;62,09;294 500;326.24;34;25.51;1,3;20000;;;;
01.11.2002;127,72;169,26;141,35;135,24;65,35;294 500;331.56;34;25.74;1,3;20000;;;;
01.12.2002;133,56;170,29;150,03;121,88;59,76;294 500;336.88;34;25.75;1,3;20000;;;;
01.01.2003;120,90;171,23;152,36;116,93;59,67;302 000;342.20;34,5;31.57;2,5;21000;;;;
01.02.2003;118,10;172,03;157,32;107,75;59,81;302 000;348.28;34,5;34.0;2,5;21000;;;;
01.03.2003;118,37;172,86;159,32;110,73;58,84;302 000;354.37;34,5;34.1;2,5;21000;;;;
01.04.2003;119,04;173,66;163,32;126,50;61,79;302 000;360.45;34,5;34.2;2,5;21000;;;;
01.05.2003;125,98;174,41;172,83;134,12;63,32;302 000;366.53;34,5;26.58;2,5;21000;;;;
01.06.2003;128,44;175,13;174,84;143,69;72,17;302 000;372.62;34,5;28.88;2,5;21000;;;;
01.07.2003;142,12;175,76;179,87;156,41;76,93;302 000;378.70;34,5;28.68;2,5;21000;;;;
01.08.2003;147,82;176,25;177,76;164,92;84,93;302 000;384.78;34,5;30.38;2,5;21000;;;;
01.09.2003;157,94;176,72;180,01;154,63;80,53;302 000;390.87;34,5;30.39;2,5;21000;;;;
01.10.2003;149,39;177,15;184,83;175,30;87,58;302 000;396.95;34,5;27.88;2,5;21000;;;;
01.11.2003;160,64;177,53;188,61;177,41;85,53;302 000;403.03;34,5;28.95;2,5;21000;;;;
01.12.2003;157,71;177,97;191,07;187,54;89,43;302 000;409.12;34,5;28.96;2,5;21000;;;;
01.01.2004;164,07;178,32;195,33;203,33;97,55;310 000;415.20;35;29.53;0,4;24000;;;;
01.02.2004;176,60;178,63;198,57;219,70;102,42;310 000;416.17;35;32.94;0,4;24000;;;;
01.03.2004;182,98;178,95;198,54;209,33;101,14;310 000;417.13;35;32.29;0,4;24000;;;;
01.04.2004;178,11;179,25;200,05;204,04;92,78;310 000;418.10;35;35.23;0,4;24000;;;;
01.05.2004;171,46;179,56;198,99;206,33;88,96;310 000;419.07;35;37.0;0,4;24000;;;;
01.06.2004;168,79;179,86;195,92;221,01;92,27;310 000;420.03;35;33.22;0,4;24000;;;;
01.07.2004;177,55;180,16;198,90;217,56;91,50;310 000;421.00;35;41.47;0,4;24000;;;;
01.08.2004;174,38;180,48;201,45;220,17;94,02;310 000;421.97;35;39.8;0,4;24000;;;;
01.09.2004;174,76;180,77;205,16;236,54;96,90;310 000;422.93;35;47.76;0,4;24000;;;;
01.10.2004;176,66;181,06;208,07;230,17;94,21;310 000;423.90;35;48.16;0,4;24000;;;;
01.11.2004;171,85;181,38;211,86;253,93;98,57;310 000;424.87;35;44.23;0,4;24000;;;;
01.12.2004;176,17;181,69;214,40;260,61;102,22;310 000;425.83;35;40.38;0,4;24000;;;;
01.01.2005;181,21;181,99;217,62;268,08;107,50;321 000;426.80;36;44.51;1,6;27500;;;;
01.02.2005;187,01;182,25;217,56;285,86;113,91;321 000;435.40;36;50.13;1,6;27500;;;;
01.03.2005;192,01;182,54;220,66;281,01;108,48;321 000;444.00;36;53.22;1,6;27500;;;;
01.04.2005;189,42;182,84;214,95;264,82;105,22;321 000;452.60;36;50.61;1,6;27500;;;;
01.05.2005;184,09;183,16;212,64;281,85;110,89;321 000;461.20;36;49.3;1,6;27500;;;;
01.06.2005;192,21;183,47;216,18;306,02;116,95;321 000;469.80;36;55.36;1,6;27500;;;;
01.07.2005;200,56;183,79;220,53;324,19;123,99;321 000;478.40;37;59.77;1,6;27500;;;;
01.08.2005;208,09;184,15;224,03;342,95;123,32;321 000;487.00;37;66.8;1,6;27500;;;;
01.09.2005;208,24;184,48;225,02;356,37;137,67;321 000;495.60;37;61.7;1,6;27500;;;;
01.10.2005;221,67;184,84;223,11;328,81;128,20;321 000;504.20;37;58.47;1,6;27500;;;;
01.11.2005;212,05;185,21;221,68;342,72;143,77;321 000;512.80;37;53.25;1,6;27500;;;;
01.12.2005;229,22;185,59;222,51;364,27;153,13;321 000;521.40;37;58.34;1,6;27500;;;;
01.01.2006;238,58;185,99;224,44;383,80;167,38;336 000;530.00;38;63.19;2,3;32000;;;;
01.02.2006;250,37;186,33;228,20;400,47;169,47;336 000;538.81;38;59.78;2,3;32000;;;;
01.03.2006;253,88;186,73;229,48;430,13;166,25;336 000;547.62;38;66.06;2,3;32000;;;;
01.04.2006;253,55;187,13;231,00;438,90;167,63;336 000;556.42;38;72.15;2,3;32000;;;;
01.05.2006;250,14;187,61;232,46;414,34;147,49;336 000;565.23;38;67.57;2,3;32000;;;;
01.06.2006;232,71;188,08;232,48;409,24;150,79;336 000;574.04;38;73.2;2,3;32000;;;;
01.07.2006;237,81;188,55;231,67;412,11;151,56;336 000;582.85;38;74.75;2,3;32000;;;;
01.08.2006;238,34;189,05;234,26;416,81;158,89;336 000;591.66;38;67.66;2,3;32000;;;;
01.09.2006;248,89;189,53;237,94;409,61;165,65;336 000;600.47;38;59.09;2,3;32000;;;;
01.10.2006;258,15;190,08;240,81;444,64;174,11;336 000;609.28;38;56.13;2,3;32000;;;;
01.11.2006;270,65;190,63;244,38;456,57;176,12;336 000;618.08;38;64.36;2,3;32000;;;;
01.12.2006;266,25;191,20;248,10;484,38;186,07;336 000;626.89;38;58.96;2,3;32000;;;;
01.01.2007;277,60;191,87;250,61;506,96;185,20;355 000;635.70;40;56.52;0,8;36000;;;;
01.02.2007;281,62;192,46;253,33;485,85;180,57;355 000;652.43;40;59.39;0,8;36000;;;;
01.03.2007;274,23;193,12;256,56;509,19;186,54;355 000;669.17;40;68.47;0,8;36000;;;;
01.04.2007;280,12;193,82;257,05;525,32;190,37;355 000;685.90;40;67.23;0,8;36000;;;;
01.05.2007;285,77;194,53;260,30;543,30;202,59;355 000;702.63;40;68.18;0,8;36000;;;;
01.06.2007;299,95;195,23;262,14;552,91;207,53;355 000;719.37;40;72.22;0,8;36000;;;;
01.07.2007;297,51;196,05;257,88;538,54;215,38;355 000;736.10;40;77.01;0,8;36000;;;;
01.08.2007;293,52;196,87;249,78;513,26;210,78;355 000;752.83;40;72.29;0,8;36000;;;;
01.09.2007;290,50;197,62;251,97;536,19;217,99;355 000;769.57;40;80.97;0,8;36000;;;;
01.10.2007;290,71;198,59;257,94;558,73;240,92;355 000;786.30;40;89.87;0,8;36000;;;;
01.11.2007;305,03;199,46;259,66;531,85;230,21;355 000;803.03;40;88.71;0,8;36000;;;;
01.12.2007;297,68;200,40;253,98;533,86;226,23;355 000;819.77;40;93.68;0,8;36000;;;;
01.01.2008;290,21;201,35;254,62;425,93;198,41;377 000;836.50;41;91.58;3,8;32000;;;;
01.02.2008;260,68;202,25;250,12;457,78;204,25;377 000;839.67;41;100.9;3,8;32000;;;;
01.03.2008;257,96;203,25;247,08;443,53;188,45;377 000;842.83;41;102.33;3,8;32000;;;;
01.04.2008;245,89;204,25;245,80;494,73;204,88;377 000;846.00;41;111.12;3,8;32000;;;;
01.05.2008;264,42;205,28;256,40;523,74;208,36;377 000;849.17;41;127.85;3,8;32000;;;;
01.06.2008;270,30;206,33;257,76;483,90;187,25;377 000;852.33;41;138.4;3,8;32000;;;;
01.07.2008;247,38;207,40;250,30;448,42;181,59;377 000;855.50;41;124.1;3,8;32000;;;;
01.08.2008;240,64;208,41;246,21;455,15;176,06;377 000;858.67;41;113.49;3,8;32000;;;;
01.09.2008;244,39;209,58;247,06;331,51;158,77;377 000;861.83;41;93.52;3,8;32000;;;;
01.10.2008;225,47;210,83;226,35;241,61;131,31;377 000;865.00;41;60.0;3,8;32000;;;;
01.11.2008;198,54;211,71;189,35;218,54;126,38;377 000;868.17;41;47.72;3,8;32000;;;;
01.12.2008;191,63;212,60;174,02;227,33;136,15;377 000;871.33;41;35.82;3,8;32000;;;;
01.01.2009;200,63;213,26;185,62;224,70;125,70;393 000;874.50;42;44.17;2,1;34500;;;;
01.02.2009;184,32;213,80;196,96;211,72;121,00;393 000;894.38;42;44.41;2,1;34500;;;;
01.03.2009;172,15;214,34;189,44;226,11;132,53;393 000;914.25;42;46.13;2,1;34500;;;;
01.04.2009;181,35;214,81;195,48;256,67;150,56;393 000;934.12;42;50.3;2,1;34500;;;;
01.05.2009;200,02;215,17;217,31;299,07;168,63;393 000;954.00;42;64.98;2,1;34500;;;;
01.06.2009;215,93;215,53;234,50;291,40;170,22;393 000;973.88;42;68.11;2,1;34500;;;;
01.07.2009;218,27;215,83;242,55;306,96;181,10;393 000;993.75;42;70.08;2,1;34500;;;;
01.08.2009;228,82;216,13;258,48;308,07;175,99;393 000;1013.62;42;69.02;2,1;34500;;;;
01.09.2009;229,30;216,41;264,56;337,94;185,53;393 000;1033.50;42;65.82;2,1;34500;;;;
01.10.2009;235,57;216,71;281,49;343,95;182,41;393 000;1053.38;42;74.91;2,1;34500;;;;
01.11.2009;229,97;217,04;286,81;362,03;189,61;393 000;1073.25;42;77.77;2,1;34500;;;;
01.12.2009;239,41;217,38;289,41;386,72;200,50;393 000;1093.12;42;77.91;2,1;34500;;;;
01.01.2010;250,39;217,73;298,13;384,21;193,14;408 000;1113.00;44;71.2;2,5;38000;;;;
01.02.2010;243,69;218,07;303,73;371,19;194,38;408 000;1135.96;44;76.36;2,5;38000;;;;
01.03.2010;245,82;218,46;304,04;401,77;210,97;408 000;1158.92;44;80.37;2,5;38000;;;;
01.04.2010;264,01;218,84;314,92;405,58;212,42;408 000;1181.88;44;86.19;2,5;38000;;;;
01.05.2010;264,35;219,24;321,62;360,57;212,77;408 000;1204.83;44;73.0;2,5;38000;;;;
01.06.2010;260,99;219,67;309,78;339,44;211,79;408 000;1227.79;44;74.94;2,5;38000;;;;
01.07.2010;254,76;220,11;313,22;374,54;214,26;408 000;1250.75;45;77.5;2,5;38000;;;;
01.08.2010;259,63;220,57;324,53;368,60;217,73;408 000;1273.71;45;75.51;2,5;38000;;;;
01.09.2010;260,25;221,00;325,61;401,93;225,11;408 000;1296.67;45;80.77;2,5;38000;;;;
01.10.2010;267,95;221,40;335,50;430,96;232,95;408 000;1319.62;45;82.47;2,5;38000;;;;
01.11.2010;279,34;221,85;343,29;424,06;239,16;408 000;1342.58;45;86.02;2,5;38000;;;;
01.12.2010;286,23;222,29;337,50;472,86;239,82;408 000;1365.54;45;93.23;2,5;38000;;;;
01.01.2011;290,34;222,72;343,48;462,63;231,85;425 000;1388.50;45;98.97;1,2;42000;;;;
01.02.2011;289,59;223,11;350,95;476,41;222,70;425 000;1405.96;45;112.27;1,2;42000;;;;
01.03.2011;287,81;223,55;355,95;473,61;232,91;425 000;1423.42;45;116.94;1,2;42000;;;;
01.04.2011;288,20;223,95;357,05;473,66;227,43;425 000;1440.88;45;126.59;1,2;42000;;;;
01.05.2011;284,43;224,43;362,49;466,22;228,07;425 000;1458.33;45;117.18;1,2;42000;;;;
01.06.2011;285,83;224,91;364,35;443,34;223,31;425 000;1475.79;45;111.71;1,2;42000;;;;
01.07.2011;279,18;225,37;360,37;439,44;223,59;425 000;1493.25;46;115.93;1,2;42000;;;;
01.08.2011;277,15;225,89;363,68;393,61;201,83;425 000;1510.71;46;116.48;1,2;42000;;;;
01.09.2011;253,76;226,35;347,73;353,96;189,23;425 000;1528.17;46;105.42;1,2;42000;;;;
01.10.2011;247,40;226,84;334,93;390,06;201,28;425 000;1545.62;46;108.43;1,2;42000;;;;
01.11.2011;260,34;227,29;355,16;381,52;196,53;425 000;1563.08;46;111.22;1,2;42000;;;;
01.12.2011;261,57;227,73;345,58;384,19;200,87;425 000;1580.54;46;108.09;1,2;42000;;;;
01.01.2012;269,04;228,12;354,26;406,34;219,54;442 000;1598.00;46;110.26;0,8;45000;;;;
01.02.2012;282,27;228,49;367,41;438,29;220,76;442 000;1602.96;46;122.23;0,8;45000;;;;
01.03.2012;284,41;228,85;378,13;436,24;219,00;442 000;1607.92;46;123.41;0,8;45000;;;;
01.04.2012;290,22;229,20;378,85;430,25;217,31;442 000;1612.88;46;118.66;0,8;45000;;;;
01.05.2012;288,11;229,55;381,62;392,25;205,86;442 000;1617.83;46;103.86;0,8;45000;;;;
01.06.2012;276,72;229,88;375,47;416,96;207,94;442 000;1622.79;46;94.17;0,8;45000;;;;
01.07.2012;283,11;230,24;383,10;434,07;214,52;442 000;1627.75;47;105.93;0,8;45000;;;;
01.08.2012;291,46;230,58;391,15;446,41;205,89;442 000;1632.71;47;113.93;0,8;45000;;;;
01.09.2012;286,68;230,87;397,28;460,48;215,77;442 000;1637.67;47;111.36;0,8;45000;;;;
01.10.2012;294,40;231,23;403,85;461,08;213,88;442 000;1642.62;47;109.89;0,8;45000;;;;
01.11.2012;291,71;231,56;408,89;460,32;214,85;442 000;1647.58;47;110.84;0,8;45000;;;;
01.12.2012;293,10;231,90;413,24;463,51;221,45;442 000;1652.54;47;110.8;0,8;45000;;;;
01.01.2013;296,10;232,25;420,77;485,72;220,84;460 000;1657.50;47;115.55;2,1;47500;;;;
01.02.2013;303,23;232,56;425,76;495,73;227,91;460 000;1621.46;47;112.2;2,1;47500;;;;
01.03.2013;315,18;232,88;428,13;492,57;228,32;460 000;1585.42;47;108.46;2,1;47500;;;;
01.04.2013;323,45;233,24;431,39;500,98;227,07;460 000;1549.38;47;101.53;2,1;47500;;;;
01.05.2013;327,36;233,57;439,30;515,75;226,18;460 000;1513.33;47;100.43;2,1;47500;;;;
01.06.2013;332,37;233,87;437,19;492,83;219,72;460 000;1477.29;47;102.49;2,1;47500;;;;
01.07.2013;330,37;234,21;424,94;522,58;215,03;460 000;1441.25;48;107.89;2,1;47500;;;;
01.08.2013;334,26;234,52;432,81;520,67;219,00;460 000;1405.21;48;115.97;2,1;47500;;;;
01.09.2013;339,12;234,84;430,57;524,32;228,90;460 000;1369.17;48;107.85;2,1;47500;;;;
01.10.2013;350,21;235,15;435,53;557,23;237,36;460 000;1333.12;48;107.53;2,1;47500;;;;
01.11.2013;362,23;235,45;446,07;571,13;240,51;460 000;1297.08;48;111.07;2,1;47500;;;;
01.12.2013;374,67;235,78;447,64;575,53;235,13;460 000;1261.04;48;109.95;2,1;47500;;;;
01.01.2014;375,64;236,09;450,48;561,85;227,94;474 000;1225.00;48;108.16;2;49500;;;;
01.02.2014;370,99;236,38;452,92;582,41;224,30;474 000;1221.58;48;108.98;2;49500;;;;
01.03.2014;370,79;236,71;461,61;585,72;231,03;474 000;1218.17;48;105.95;2;49500;;;;
01.04.2014;374,75;237,04;463,34;597,63;230,61;474 000;1214.75;48;108.63;2;49500;;;;
01.05.2014;377,09;237,37;467,07;622,21;239,35;474 000;1211.33;48;109.21;2;49500;;;;
01.06.2014;388,48;237,71;472,50;635,97;252,41;474 000;1207.92;48;111.03;2;49500;;;;
01.07.2014;406,50;238,04;476,85;630,44;264,07;474 000;1204.50;49;104.94;2;49500;;;;
01.08.2014;414,03;238,33;472,36;630,50;264,84;474 000;1201.08;49;101.12;2;49500;;;;
01.09.2014;415,03;238,66;477,32;628,54;254,96;474 000;1197.67;49;94.67;2;49500;;;;
01.10.2014;413,50;238,98;468,77;605,93;271,15;474 000;1194.25;49;84.17;2;49500;;;;
01.11.2014;433,99;239,27;472,53;595,39;278,41;474 000;1190.83;49;71.89;2;49500;;;;
01.12.2014;451,44;239,59;469,85;608,31;284,22;474 000;1187.42;49;55.27;2;49500;;;;
01.01.2015;469,63;239,86;461,83;626,32;295,57;489 000;1184.00;49;47.52;2,1;54000;;;;
01.02.2015;481,20;240,12;463,89;640,70;299,99;489 000;1175.50;49;61.89;2,1;54000;;;;
01.03.2015;497,21;240,42;474,86;641,89;312,35;489 000;1167.00;49;53.69;2,1;54000;;;;
01.04.2015;515,83;240,71;474,10;663,21;314,52;489 000;1158.50;49;63.9;2,1;54000;;;;
01.05.2015;505,02;240,99;481,88;671,37;312,43;489 000;1150.00;49;65.56;2,1;54000;;;;
01.06.2015;516,42;241,28;483,92;656,77;307,04;489 000;1141.50;49;63.59;2,1;54000;;;;
01.07.2015;508,41;241,51;476,83;667,51;295,25;489 000;1133.00;50;52.21;2,1;54000;;;;
01.08.2015;519,29;241,74;475,64;624,74;277,02;489 000;1124.50;50;54.15;2,1;54000;;;;
01.09.2015;494,86;241,96;467,49;610,90;273,32;489 000;1116.00;50;48.37;2,1;54000;;;;
01.10.2015;485,78;242,15;455,31;648,77;290,47;489 000;1107.50;50;49.56;2,1;54000;;;;
01.11.2015;518,72;242,36;469,35;665,81;286,41;489 000;1099.00;50;44.61;2,1;54000;;;;
01.12.2015;524,72;242,54;463,80;649,07;285,48;489 000;1090.50;50;37.28;2,1;54000;;;;
01.01.2016;522,90;242,68;452,26;592,94;263,23;494 000;1082.00;50;34.74;3,6;68000;;;;
01.02.2016;484,40;242,81;445,63;606,39;262,50;494 000;1088.67;50;35.97;3,6;68000;;;;
01.03.2016;483,02;242,95;447,29;611,71;282,02;494 000;1095.33;50;39.6;3,6;68000;;;;
01.04.2016;497,90;243,11;466,56;641,81;276,04;494 000;1102.00;50;48.13;3,6;68000;;;;
01.05.2016;494,40;243,28;482,49;655,60;276,00;494 000;1108.67;50;49.69;3,6;68000;;;;
01.06.2016;508,83;243,43;485,28;636,02;287,20;494 000;1115.33;50;49.68;3,6;68000;;;;
01.07.2016;510,73;243,57;490,51;655,93;303,63;494 000;1122.00;50;42.46;3,6;68000;;;;
01.08.2016;535,14;243,73;502,52;660,33;308,16;494 000;1128.67;50;47.04;3,6;68000;;;;
01.09.2016;535,27;243,91;513,06;668,67;299,07;494 000;1135.33;50;49.06;3,6;68000;;;;
01.10.2016;519,20;244,09;515,77;682,82;309,50;494 000;1142.00;50;48.3;3,6;68000;;;;
01.11.2016;530,22;244,24;517,83;697,46;304,62;494 000;1148.67;50;50.47;3,6;68000;;;;
01.12.2016;544,58;244,46;514,60;723,69;308,68;494 000;1155.33;50;56.82;3,6;68000;;;;
01.01.2017;561,36;244,61;524,11;733,77;311,20;503 000;1162.00;50;55.7;1,8;63000;;;;
01.02.2017;556,12;244,73;531,51;731,58;325,78;503 000;1177.11;50;55.59;1,8;63000;;;;
01.03.2017;578,35;244,88;539,45;728,76;343,26;503 000;1192.22;50;52.83;1,8;63000;;;;
01.04.2017;601,23;245,04;538,88;743,27;349,86;503 000;1207.34;50;51.73;1,8;63000;;;;
01.05.2017;609,85;245,21;545,09;748,24;354,14;503 000;1222.45;50;50.31;1,8;63000;;;;
01.06.2017;615,31;245,36;549,25;737,51;355,77;503 000;1237.56;50;47.92;1,8;63000;;;;
01.07.2017;614,75;245,50;549,58;766,78;355,59;503 000;1252.67;50;52.65;1,8;63000;;;;
01.08.2017;605,52;245,63;555,38;772,99;357,93;503 000;1267.79;50;52.38;1,8;63000;;;;
01.09.2017;602,75;245,76;556,88;815,45;364,77;503 000;1282.90;50;57.54;1,8;63000;;;;
01.10.2017;627,02;245,90;561,33;840,48;388,07;503 000;1298.01;50;61.37;1,8;63000;;;;
01.11.2017;659,25;246,01;564,71;825,34;393,97;503 000;1313.12;50;63.53;1,8;63000;;;;
01.12.2017;675,45;246,15;562,88;847,08;402,68;503 000;1328.24;50;66.73;1,8;63000;;;;
01.01.2018;681,41;246,30;564,09;839,66;409,41;519 000;1343.35;51;67.78;2,7;65000;;;;
01.02.2018;679,67;246,45;567,65;845,85;401,25;519 000;1341.61;51;66.08;2,7;65000;;;;
01.03.2018;670,94;246,60;562,79;827,77;391,99;519 000;1339.88;51;69.02;2,7;65000;;;;
01.04.2018;654,77;246,78;560,06;886,98;398,22;519 000;1338.14;51;75.92;2,7;65000;;;;
01.05.2018;675,95;246,95;562,27;905,11;392,33;519 000;1336.40;51;76.45;2,7;65000;;;;
01.06.2018;685,37;247,10;559,18;906,41;374,55;519 000;1334.66;51;77.44;2,7;65000;;;;
01.07.2018;675,39;247,26;558,54;926,46;382,63;519 000;1332.92;51;74.16;2,7;65000;;;;
01.08.2018;693,79;247,41;566,25;936,59;382,13;519 000;1331.19;51;76.94;2,7;65000;;;;
01.09.2018;711,16;247,56;565,87;966,79;370,13;519 000;1329.45;51;82.72;2,7;65000;;;;
01.10.2018;698,47;247,78;570,40;919,06;348,75;519 000;1327.71;51;74.84;2,7;65000;;;;
01.11.2018;664,76;247,97;563,12;894,13;371,69;519 000;1325.97;51;57.71;2,7;65000;;;;
01.12.2018;689,12;248,20;557,53;828,44;364,20;519 000;1324.24;51;50.57;2,7;65000;;;;
01.01.2019;651,87;248,40;550,57;867,03;385,30;538 000;1322.50;52;62.46;2,2;68000;;;;
01.02.2019;685,50;248,59;572,43;899,16;391,80;538 000;1344.03;52;65.03;2,2;68000;;;;
01.03.2019;709,88;248,80;581,88;899,95;398,11;538 000;1365.56;52;67.93;2,2;68000;;;;
01.04.2019;722,07;249,06;587,62;917,38;408,18;538 000;1387.09;52;72.19;2,2;68000;;;;
01.05.2019;746,82;249,31;595,35;893,68;383,22;538 000;1408.62;52;66.78;2,2;68000;;;;
01.06.2019;710,53;249,55;589,25;904,62;396,55;538 000;1430.15;52;67.52;2,2;68000;;;;
01.07.2019;735,90;249,85;603,33;902,57;403,47;538 000;1451.67;52;64.07;2,2;68000;;;;
01.08.2019;755,03;250,12;607,61;908,11;397,95;538 000;1473.20;52;61.04;2,2;68000;;;;
01.09.2019;759,15;250,41;607,61;930,56;404,65;538 000;1494.73;52;60.99;2,2;68000;;;;
01.10.2019;774,42;250,74;610,44;946,57;426,13;538 000;1516.26;52;59.3;2,2;68000;;;;
01.11.2019;804,75;251,06;613,50;956,31;426,86;538 000;1537.79;52;64.5;2,2;68000;;;;
01.12.2019;820,31;251,46;616,36;987,48;437,67;538 000;1559.32;52;67.77;2,2;68000;;;;
01.01.2020;820,30;251,80;627,39;970,12;437,71;550 000;1580.85;52;57.77;1,3;78000;;;;
01.02.2020;839,20;252,10;629,65;883,00;426,05;550 000;1603.25;52;51.31;1,3;78000;;;;
01.03.2020;795,31;252,36;620,63;746,97;399,60;550 000;1625.66;52;14.85;1,3;78000;;;;
01.04.2020;753,54;252,42;541,82;823,00;424,50;550 000;1648.06;52;14.86;1,3;78000;;;;
01.05.2020;811,49;252,44;566,37;851,23;406,86;550 000;1670.47;52;34.15;1,3;78000;;;;
01.06.2020;801,38;252,46;591,55;853,55;433,48;550 000;1692.87;52;41.64;1,3;78000;;;;
01.07.2020;826,33;252,48;601,70;887,61;444,40;550 000;1715.28;52;43.13;1,3;78000;;;;
01.08.2020;827,93;252,49;624,40;924,98;434,17;550 000;1737.68;52;45.22;1,3;78000;;;;
01.09.2020;835,04;252,51;632,48;924,42;460,61;550 000;1760.08;52;40.3;1,3;78000;;;;
01.10.2020;870,35;252,55;626,03;877,59;480,27;550 000;1782.49;52;36.33;1,3;78000;;;;
01.11.2020;872,36;252,60;628,55;1010,08;486,14;550 000;1804.89;52;46.84;1,3;78000;;;;
01.12.2020;912,49;252,66;654,58;1059,90;504,51;550 000;1827.30;52;51.22;1,3;78000;;;;
01.01.2021;932,02;252,70;666,79;1048,33;519,44;574 000;1849.70;52;55.25;3,5;85000;;;;
01.02.2021;935,34;252,74;667,95;1091,31;527,02;574 000;1845.24;53;65.86;3,5;85000;;;;
01.03.2021;961,47;252,79;670,61;1147,79;514,50;574 000;1840.77;54;63.52;3,5;85000;;;;
01.04.2021;973,45;252,83;671,28;1169,49;513,22;574 000;1836.31;55;67.73;3,5;85000;;;;
01.05.2021;984,58;252,86;678,24;1198,82;525,81;574 000;1831.84;56;69.36;3,5;85000;;;;
01.06.2021;1005,04;252,88;681,01;1214,41;544,83;574 000;1827.38;57;76.94;3,5;85000;;;;
01.07.2021;1047,64;252,90;687,26;1234,87;521,73;574 000;1822.91;58;77.72;3,5;85000;;;;
01.08.2021;1062,67;252,92;686,89;1238,93;527,54;574 000;1818.44;58,5;73.45;3,5;85000;;;;
01.09.2021;1073,60;252,96;691,55;1245,34;507,96;574 000;1813.98;59;77.81;3,5;85000;;;;
01.10.2021;1040,20;253,05;688,46;1284,21;497,11;574 000;1809.51;59,5;83.1;3,5;85000;;;;
01.11.2021;1050,85;253,13;683,46;1264,62;513,60;574 000;1805.05;60;70.86;3,5;85000;;;;
01.12.2021;1094,85;253,28;676,21;1283,96;506,41;574 000;1800.58;60,5;77.24;3,5;85000;;;;
01.01.2022;1098,78;253,44;685,87;1244,43;502,33;601 000;1796.12;61;92.35;5,8;90000;;;;
01.02.2022;1066,88;253,57;669,26;1263,34;480,63;601 000;1807.12;61,5;103.08;5,8;90000;;;;
01.03.2022;1031,47;253,75;655,24;1303,34;467,12;601 000;1818.12;62;107.29;5,8;90000;;;;
01.04.2022;1043,40;253,94;647,86;1283,15;470,02;601 000;1829.12;62,5;108.36;5,8;90000;;;;
01.05.2022;1029,17;254,14;626,77;1311,34;476,35;601 000;1840.12;63;125.53;5,8;90000;;;;
01.06.2022;1045,84;254,36;624,53;1179,17;467,36;601 000;1851.12;63,5;119.78;5,8;90000;;;;
01.07.2022;1005,89;254,62;582,49;1265,80;456,20;601 000;1862.12;64;111.51;5,8;90000;;;;
01.08.2022;1039,95;254,99;611,17;1247,79;470,27;601 000;1873.12;65;96.55;5,8;90000;;;;
01.09.2022;1040,09;255,43;601,52;1090,62;455,84;601 000;1884.12;66;88.9;5,8;90000;;;;
01.10.2022;1017,63;256,04;575,71;1163,31;421,41;601 000;1895.12;67;93.3;5,8;90000;;;;
01.11.2022;1015,31;256,63;586,31;1215,68;464,09;601 000;1906.12;68;85.61;5,8;90000;;;;
01.12.2022;1065,18;257,27;605,31;1192,98;452,05;601 000;1917.12;69;82.82;5,8;90000;;;;
01.01.2023;1019,34;257,93;604,63;1228,86;494,55;637 000;1928.12;70;83.42;5,5;89000;;;;
01.02.2023;1100,69;258,51;627,74;1268,27;479,07;637 000;1937.37;70;83.21;5,5;89000;;;;
01.03.2023;1101,99;259,17;620,16;1228,32;499,62;637 000;1946.62;70;79.19;5,5;89000;;;;
01.04.2023;1142,31;259,81;623,79;1261,64;504,24;637 000;1955.88;70;81.32;5,5;89000;;;;
01.05.2023;1174,79;260,61;627,64;1236,87;516,72;637 000;1965.13;70;71.98;5,5;89000;;;;
01.06.2023;1203,04;261,39;623,98;1237,53;515,67;637 000;1974.38;70;74.51;5,5;89000;;;;
01.07.2023;1221,12;262,27;632,90;1275,30;517,25;637 000;1983.63;70;85.22;5,5;89000;;;;
01.08.2023;1208,80;263,17;641,60;1268,53;510,36;637 000;1992.89;72;87.29;5,5;89000;;;;
01.09.2023;1225,85;264,06;642,27;1294,41;497,19;637 000;2002.14;74;95.86;5,5;89000;;;;
01.10.2023;1188,23;265,08;637,87;1273,30;501,71;637 000;2011.39;76;86.82;5,5;89000;;;;
01.11.2023;1205,28;266,03;631,60;1310,83;522,81;637 000;2020.64;78;81.72;5,5;89000;;;;
01.12.2023;1262,62;266,98;657,36;1326,52;511,84;637 000;2029.90;79;77.69;5,5;89000;;;;
01.01.2024;1246,03;268,07;679,88;1306,79;502,54;670 000;2039.15;80;82.98;3,1;96000;;;;
01.02.2024;1268,09;269,05;682,80;1308,79;533,62;670 000;2102.40;81;84.57;3,1;96000;;;;
01.03.2024;1335,89;270,02;685,87;1368,33;559,71;670 000;2165.66;82;86.17;3,1;96000;;;;
01.04.2024;1408,41;271,09;693,18;1414,13;573,90;670 000;2228.91;83;88.23;3,1;96000;;;;
01.05.2024;1410,62;272,14;688,30;1487,58;547,31;670 000;2292.17;84;79.41;3,1;96000;;;;
01.06.2024;1391,04;273,09;696,80;1464,44;576,80;670 000;2355.42;85;87.26;3,1;96000;;;;
01.07.2024;1440,08;274,22;702,71;1509,72;594,11;670 000;2418.68;86;81.39;3,1;96000;;;;
01.08.2024;1497,35;275,24;715,30;1486,71;584,80;670 000;2481.93;86,5;80.2;3,1;96000;;;;
01.09.2024;1484,19;276,31;725,89;1468,74;620,35;670 000;2545.18;87;72.35;3,1;96000;;;;
01.10.2024;1519,52;277,37;737,24;1485,53;620,77;670 000;2608.44;87,5;73.25;3,1;96000;;;;
01.11.2024;1547,03;278,37;735,37;1506,64;599,78;670 000;2671.69;88;74.16;3,1;96000;;;;
01.12.2024;1580,05;279,49;742,05;1476,19;615,35;670 000;2734.95;88,5;74.58;3,1;96000;;;;
01.01.2025;1589,47;280,56;740,63;1575,16;623,43;700 000;2798.20;89;77.11;3,1;101000;;;;
01.02.2025;1637,22;281,53;750,61;1544,03;623,08;700 000;2938.01;89,25;74.76;3,1;101000;;;;
01.03.2025;1623,21;282,61;756,48;1564,32;587,49;700 000;3077.82;89,5;77.23;3,1;101000;;;;
01.04.2025;1496,09;283,66;750,07;1548,21;585,91;700 000;3217.63;89,75;63.37;3,1;101000;;;;
01.05.2025;1488,01;284,71;749,97;1629,49;601,90;700 000;3357.44;90;64.32;3,1;101000;;;;
01.06.2025;1548,23;285,78;762,48;1692,73;632,01;700 000;3497.25;90,25;68.15;3,1;101000;;;;
01.07.2025;1609,03;286,82;775,77;1702,29;655,39;700 000;3637.07;90,5;73.43;3,1;101000;;;;
01.08.2025;1656,86;287,79;782,69;1734,30;647,93;700 000;3776.88;90,75;67.83;3,1;101000;;;;
01.09.2025;1657,41;288,84;791,40;1732,44;689,46;700 000;3916.69;91;68.52;3,1;101000;;;;
01.10.2025;1713,74;289,82;796,35;1697,22;728,30;700 000;4056.50;91,25;65.44;3,1;101000;;;;
01.11.2025;1773,39;290,72;804,80;1692,08;710,56;700 000;4196.31;91,5;64.07;3,1;101000;;;;
01.12.2025;1763,81;291,77;808,64;1776,05;729,96;700 000;4336.12;91,75;63.1;3,1;101000;;;;
01.01.2026;1792,89;;815,03;;;700 001;;92;;;;;;;
;;;;;;;;;;;;;;;
;;;;;;;;;;;;;;;
;;;;;;;;;;;;;;;
;;;;;;;;;;;;;;;
;;;;;;;;;;;;;;;
;;;;;;;;;;;;;;;
;;;;;;;;;;;;;;;
;;;;;;;;;;;;;;;
;;;;;;;;;;;;;;;
;;;;;;;;;;;;;;;2,857142857
